{
	"IcoMoonType": "selection",
	"icons": [
		{
			"icon": {
				"paths": [
					"M512 42.667q95.667 0 182.5 37.167t149.667 100 100 149.667 37.167 182.5-37.167 182.5-100 149.667-149.667 100-182.5 37.167-182.5-37.167-149.667-100-100-149.667-37.167-182.5 37.167-182.5 100-149.667 149.667-100 182.5-37.167zM512 128q-78 0-149.167 30.5t-122.5 81.833-81.833 122.5-30.5 149.167 30.5 149.167 81.833 122.5 122.5 81.833 149.167 30.5 149.167-30.5 122.5-81.833 81.833-122.5 30.5-149.167-30.5-149.167-81.833-122.5-122.5-81.833-149.167-30.5zM632.667 348.333q17.667 0 30.333 12.5t12.667 30.167-12.667 30.333l-90.667 90.667 90.667 90.333q12.667 12.667 12.667 30 0 17.667-12.667 30.167t-30.333 12.5-30-12.333l-90.667-90.333-90.333 90.333q-12.333 12.333-30.333 12.333-17.667 0-30.167-12.333t-12.5-30q0-18 12.333-30.333l90.667-90.333-90.667-90.667q-12.333-12.333-12.333-30t12.5-30.333 30.167-12.667 30.333 12.667l90.333 90.667 90.667-90.667q12.667-12.667 30-12.667z"
				],
				"attrs": [
					{}
				],
				"isMulticolor": false,
				"tags": [
					"circle-cross"
				],
				"grid": 24
			},
			"attrs": [
				{}
			],
			"properties": {
				"order": 1,
				"id": 2,
				"prevSize": 24,
				"code": 58882,
				"name": "circle-cross"
			},
			"setIdx": 0,
			"setId": 5,
			"iconIdx": 0
		},
		{
			"icon": {
				"paths": [
					"M597.333 170.667q18 0 30.333 12.333l298.667 298.667q12.333 12.333 12.333 30.333t-12.333 30.333l-298.667 298.667q-12.333 12.333-30.333 12.333-18.333 0-30.5-12.167t-12.167-30.5q0-18 12.333-30.333l226-225.667h-665q-17.667 0-30.167-12.5t-12.5-30.167 12.5-30.167 30.167-12.5h665l-226-225.667q-12.333-12.333-12.333-30.333 0-18.333 12.167-30.5t30.5-12.167z"
				],
				"attrs": [
					{}
				],
				"isMulticolor": false,
				"tags": [
					"arrow-right"
				],
				"grid": 24
			},
			"attrs": [
				{}
			],
			"properties": {
				"order": 1,
				"id": 1,
				"prevSize": 24,
				"code": 58880,
				"name": "arrow-right"
			},
			"setIdx": 0,
			"setId": 5,
			"iconIdx": 1
		},
		{
			"icon": {
				"paths": [
					"M426.667 170.667q17.667 0 30.167 12.5t12.5 30.167q0 18-12.667 30.333l-225.667 225.667h665q17.667 0 30.167 12.5t12.5 30.167-12.5 30.167-30.167 12.5h-665l225.667 225.667q12.667 12.333 12.667 30.333 0 17.667-12.5 30.167t-30.167 12.5q-18 0-30.333-12.333l-298.667-298.667q-12.333-13-12.333-30.333t12.333-30.333l298.667-298.667q12.667-12.333 30.333-12.333z"
				],
				"attrs": [
					{}
				],
				"isMulticolor": false,
				"tags": [
					"arrow-left"
				],
				"grid": 24
			},
			"attrs": [
				{}
			],
			"properties": {
				"order": 2,
				"id": 0,
				"prevSize": 24,
				"code": 58881,
				"name": "arrow-left"
			},
			"setIdx": 0,
			"setId": 5,
			"iconIdx": 2
		}
	],
	"height": 1024,
	"metadata": {
		"name": "feather"
	},
	"preferences": {
		"showGlyphs": true,
		"showQuickUse": true,
		"showQuickUse2": true,
		"showSVGs": true,
		"fontPref": {
			"prefix": "icon-",
			"metadata": {
				"fontFamily": "feather",
				"majorVersion": 1,
				"minorVersion": 0
			},
			"metrics": {
				"emSize": 1024,
				"baseline": 6.25,
				"whitespace": 50
			}
		},
		"imagePref": {
			"prefix": "icon-",
			"png": true,
			"useClassSelector": true,
			"color": 4473924,
			"bgColor": 16777215
		},
		"historySize": 100,
		"showCodes": false,
		"gridSize": 16,
		"showGrid": true
	}
}